"","city","sum.sale.dollars.","population","perCapitaSales"
"1","Ackley",58058,1738,33.4050632911392
"2","Adair",43108,813,53.0233702337023
"3","Adel",306111,4030,75.958064516129
"4","Afton",31999,967,33.0910031023785
"5","Akron",31070,1485,20.9225589225589
"6","Albert City",1710,589,2.90322580645161
"7","Albia",288395,3795,75.9934123847167
"8","Alburnett",667,633,1.05371248025276
"9","Alden",93956,769,122.179453836151
"10","Algona",948866,5496,172.646652110626
"11","Allison",75212,1222,61.5482815057283
"12","Alta",8486,2104,4.03326996197719
"13","Alta Vista",5695,301,18.9202657807309
"14","Alton",78063,1325,58.9154716981132
"15","Altoona",2212755,16692,132.56380301941
"16","Alvord",153,236,0.648305084745763
"17","Ames",7325051,64073,114.323521608166
"18","Anamosa",620676,5459,113.697746840081
"19","Anita",69026,870,79.3402298850575
"20","Ankeny",4594334,53413,86.0152771797128
"21","Anthon",103419,670,154.35671641791
"22","Arlington",28878,526,54.9011406844106
"23","Armstrong",46065,898,51.2973273942094
"24","Arnolds Park",403051,1024,393.6044921875
"25","Atkins",3360,1713,1.9614711033275
"26","Atlantic",1012777,6817,148.566378172217
"27","Audubon",128960,2043,63.1228585413607
"28","Aurelia",8467,955,8.86596858638744
"29","Avoca",344311,1478,232.957374830853
"30","Baldwin",28270,146,193.630136986301
"31","Bancroft",302605,712,425.00702247191
"32","Baxter",31418,1081,29.063829787234
"33","Bedford",59589,1446,41.2095435684647
"34","Belle Plaine",261209,2562,101.955113192818
"35","Bellevue",275575,2193,125.661194710442
"36","Belmond",258406,2686,96.204765450484
"37","Bettendorf",5006320,35048,142.841816936772
"38","Bevington",36263,54,671.537037037037
"39","Bloomfield",93510,2622,35.6636155606407
"40","Blue Grass",75133,1563,48.0697376839411
"41","Bondurant",82743,5079,16.2911990549321
"42","Boone",1216408,12609,96.4714093108097
"43","Britt",113067,1919,58.9197498697238
"44","Brooklyn",112066,1422,78.8087201125176
"45","Buffalo",33458,1226,27.2903752039152
"46","Buffalo Center",60520,841,71.961950059453
"47","Burlington",2553971,25492,100.18715675506
"48","Bussey",14756,578,25.5294117647059
"49","Camanche",87183,4368,19.959478021978
"50","Cambridge",25233,853,29.5814771395076
"51","Carlisle",84526,4031,20.9689903249814
"52","Carroll",2039061,9990,204.11021021021
"53","Carter Lake",76234,3765,20.2480743691899
"54","Cascade",131650,1978,66.5571284125379
"55","Casey",25446,391,65.079283887468
"56","Cedar Falls",4943947,40828,121.092069168218
"57","Cedar Rapids",18271501,129537,141.052371137204
"58","Center Point",71366,2507,28.4666932588752
"59","Centerville",710531,5404,131.482420429312
"60","Central City",74771,1320,56.644696969697
"61","Chariton",369919,4219,87.6793078928656
"62","Charles City",927546,7496,123.738794023479
"63","Cherokee",668894,5113,130.822217876002
"64","Chester",2996,263,11.3916349809886
"65","Clarinda",401558,5431,73.9381329405266
"66","Clarion",136425,2783,49.0208408192598
"67","Clarksville",40626,1276,31.8385579937304
"68","Clear Lake",1638256,7644,214.319204604919
"69","Clinton",2847891,26148,108.914295548417
"70","Clive",732924,17022,43.05745505816
"71","Colesburg",11777,462,25.491341991342
"72","Colfax",115358,1925,59.9262337662338
"73","Colo",39066,886,44.0925507900677
"74","Columbus Junction",130085,2214,58.7556458897922
"75","Conrad",51340,1073,47.8471575023299
"76","Coon Rapids",62558,1371,45.6294675419402
"77","Coralville",5146272,20078,256.313975495567
"78","Corning",179649,1598,112.421151439299
"79","Corwith",11037,230,47.9869565217391
"80","Corydon",94007,1544,60.8853626943005
"81","Council Bluffs",8718184,62326,139.880370952732
"82","Crescent",10620,522,20.3448275862069
"83","Cresco",641780,3839,167.173743162282
"84","Creston",887090,7877,112.617747873556
"85","Cumming",14610,415,35.2048192771084
"86","Dakota City",12760,713,17.8962131837307
"87","Danville",5768,1079,5.34569045412419
"88","Davenport",13251726,102305,129.53155759738
"89","Dayton",58313,704,82.8309659090909
"90","De Soto",73036,1065,68.5784037558685
"91","De Witt",271795,5264,51.6327887537994
"92","Decorah",1181316,7985,147.941891045711
"93","Delaware",10479,133,78.7894736842105
"94","Delhi",2914,445,6.54831460674157
"95","Delmar",11239,497,22.6136820925553
"96","Denison",1117922,8326,134.268796540956
"97","Denver",89409,1814,49.2883131201764
"98","Des Moines",38071367,212859,178.857210641786
"99","Donnellson",20303,860,23.6081395348837
"100","Dows",19936,497,40.112676056338
"101","Dubuque",7351791,58535,125.596497821816
"102","Dunlap",123587,1021,121.045053868756
"103","Durant",69461,2032,34.183562992126
"104","Dyersville",442772,4180,105.926315789474
"105","Dysart",38410,1418,27.0874471086037
"106","Eagle Grove",249204,3468,71.8581314878893
"107","Earlham",19367,1523,12.7163493105712
"108","Early",19451,699,27.826895565093
"109","Eddyville",30030,1207,24.8798674399337
"110","Edgewood",43193,795,54.3308176100629
"111","Eldon",17846,890,20.0516853932584
"112","Eldora",246243,2663,92.4682688696958
"113","Eldridge",424970,6122,69.4168572361973
"114","Elkader",43094,1325,32.5237735849057
"115","Ellsworth",50688,574,88.3066202090592
"116","Elma",75488,562,134.320284697509
"117","Ely",30647,2133,14.3680262541022
"118","Emmetsburg",544170,3803,143.089666053116
"119","Estherville",563186,6027,93.4438360710138
"120","Evansdale",533759,4794,111.338965373383
"121","Everly",8007,624,12.8317307692308
"122","Exira",31792,881,36.0862656072645
"123","Fairbank",52734,1168,45.1489726027397
"124","Fairfax",10798,2418,4.4656741108354
"125","Fairfield",806978,9942,81.1685777509555
"126","Farley",29061,1688,17.2162322274882
"127","Farmington",27643,961,28.7648283038502
"128","Fayette",87150,1196,72.8678929765886
"129","Floyd",136368,365,373.61095890411
"130","Fonda",14929,525,28.4361904761905
"131","Fontanelle",54523,667,81.743628185907
"132","Forest City",516359,4043,127.71679445956
"133","Fort Atkinson",87999,259,339.764478764479
"134","Fort Dodge",3256355,24626,132.232396653943
"135","Fort Madison",1051377,10769,97.6299563562076
"136","Fredericksburg",37597,1159,32.4391716997412
"137","Garnavillo",6620,824,8.03398058252427
"138","Garner",155221,3091,50.2170818505338
"139","George",37787,1007,37.5243296921549
"140","Gilbertville",2150,723,2.97372060857538
"141","Gilmore City",19495,472,41.3029661016949
"142","Gladbrook",33860,886,38.216704288939
"143","Glenwood",315366,5233,60.2648576342442
"144","Glidden",28285,1422,19.8909985935302
"145","Goldfield",20179,628,32.1321656050955
"146","Gowrie",86254,1047,82.3820439350525
"147","Graettinger",31845,716,44.4762569832402
"148","Grand Junction",20096,838,23.9809069212411
"149","Grand Mound",37275,557,66.9210053859964
"150","Granger",25701,1461,17.5913757700205
"151","Greene",35772,1115,32.0825112107623
"152","Greenfield",135140,1951,69.267042542286
"153","Grimes",1078963,10422,103.527441949722
"154","Grinnell",965345,9112,105.942164179104
"155","Griswold",10945,1176,9.30697278911565
"156","Grundy Center",192323,2705,71.0990757855823
"157","Guthrie Center",81074,1650,49.1357575757576
"158","Guttenberg",243653,1956,124.566973415133
"159","Hamburg",20466,1115,18.3551569506726
"160","Hampton",452687,4326,104.643319463708
"161","Harlan",741809,5008,148.124800319489
"162","Harpers Ferry",17293,268,64.5261194029851
"163","Hartley",142642,1717,83.0762958648806
"164","Hawarden",124931,2538,49.2241922773838
"165","Hazleton",25351,794,31.9282115869018
"166","Hiawatha",256050,7160,35.7611731843575
"167","Holstein",240057,1416,169.531779661017
"168","Holy Cross",83457,339,246.185840707965
"169","Hospers",9148,756,12.1005291005291
"170","Hubbard",41272,891,46.320987654321
"171","Hudson",31974,2414,13.2452361226181
"172","Humboldt",591971,4602,128.633420252064
"173","Humeston",7652,400,19.13
"174","Huxley",75758,3474,21.8071387449626
"175","Ida Grove",235474,2203,106.887880163414
"176","Independence",776095,6005,129.241465445462
"177","Indianola",1475981,15343,96.1989832496904
"178","Inwood",103173,879,117.37542662116
"179","Iowa City",9532087,72385,131.68594322028
"180","Iowa Falls",826140,5176,159.609737248841
"181","Ireton",16087,665,24.190977443609
"182","Jefferson",359466,4207,85.4447349655336
"183","Jesup",80854,2809,28.7839088643645
"184","Johnston",1236256,19491,63.4270175978657
"185","Kellogg",34523,777,44.4311454311454
"186","Keokuk",1981922,10628,186.481181783967
"187","Keosauqua",155749,1029,151.359572400389
"188","Keota",21500,932,23.068669527897
"189","Kingsley",65155,1436,45.3725626740947
"190","Knoxville",796630,7236,110.092592592593
"191","La Porte City",123256,2403,51.2925509779442
"192","Lake City",115107,1759,65.4388857305287
"193","Lake Mills",111630,2027,55.0715342871238
"194","Lake Park",30636,1171,26.1622544833476
"195","Lake View",184162,1002,183.794411177645
"196","Lamoni",71191,2616,27.2136850152905
"197","Lansing",104929,833,125.96518607443
"198","Larchwood",216005,865,249.71676300578
"199","Latimer",8285,499,16.6032064128257
"200","Laurens",116221,1272,91.3687106918239
"201","Lawler",69096,324,213.259259259259
"202","Le Claire",495528,3931,126.056474179598
"203","Le Grand",61304,995,61.6120603015075
"204","Le Mars",1297765,9826,132.074598005292
"205","Lenox",45255,1424,31.7801966292135
"206","Leon",94188,1995,47.212030075188
"207","Lisbon",76510,1908,40.0995807127883
"208","Logan",66729,1540,43.3305194805195
"209","Lohrville",3527,384,9.18489583333333
"210","Lost Nation",13371,493,27.1217038539554
"211","Lovilia",7415,600,12.3583333333333
"212","Madrid",78900,2585,30.5222437137331
"213","Malvern",30048,982,30.5987780040733
"214","Manchester",860886,5083,169.365728900256
"215","Manly",10904,1551,7.03030303030303
"216","Manning",96680,1509,64.0689198144467
"217","Manson",132118,1825,72.3934246575342
"218","Mapleton",229663,1299,176.799846035412
"219","Maquoketa",829789,6025,137.724315352697
"220","Marcus",34453,1146,30.0636998254799
"221","Marengo",287040,2927,98.0662794670311
"222","Marion",2106737,37198,56.6357599870961
"223","Marshalltown",2729343,27637,98.7568477041647
"224","Martensdale",11368,452,25.1504424778761
"225","Mason City",3752779,27546,136.236803891672
"226","Maxwell",31442,839,37.4755661501788
"227","Mechanicsville",28108,1052,26.7186311787072
"228","Mediapolis",109155,1536,71.064453125
"229","Melbourne",8616,821,10.4945188794153
"230","Merrill",6421,829,7.74547647768396
"231","Milford",1161633,2991,388.376128385155
"232","Minden",6133,634,9.67350157728707
"233","Missouri Valley",207186,2689,77.0494607660841
"234","Mitchellville",5058,2271,2.22721268163804
"235","Monona",160927,1495,107.64347826087
"236","Monroe",61108,1875,32.5909333333333
"237","Montezuma",234189,1591,147.196103079824
"238","Monticello",464581,3809,121.969283276451
"239","Montrose",8196,950,8.62736842105263
"240","Moravia",55348,792,69.8838383838384
"241","Mount Ayr",139272,1958,71.1297242083759
"242","Mount Pleasant",1029259,8491,121.217642209398
"243","Mount Vernon",2216051,4487,493.882549587698
"244","Murray",1572,661,2.37821482602118
"245","Muscatine",2621441,23909,109.642435902798
"246","Nashua",37382,1613,23.1754494730316
"247","Neola",42487,978,43.4427402862986
"248","Nevada",407842,6796,60.0120659211301
"249","New Hampton",211195,3478,60.723116733755
"250","New Sharon",14368,1263,11.3760886777514
"251","New Virginia",31585,553,57.1157323688969
"252","Newton",1450338,15090,96.1125248508946
"253","Nora Springs",26940,1567,17.1920867900447
"254","North English",46971,1148,40.9155052264808
"255","North Liberty",1103682,16984,64.9836316533208
"256","Northwood",207552,1931,107.484205075091
"257","Norwalk",453957,9944,45.6513475462591
"258","Oakland",106661,1544,69.0809585492228
"259","Oelwein",673146,6195,108.659564164649
"260","Ogden",77266,2069,37.3446109231513
"261","Okoboji",29233,814,35.9127764127764
"262","Onawa",286070,2906,98.4411562284928
"263","Orange City",399051,6153,64.8547050219405
"264","Osage",243742,3631,67.128063894244
"265","Osceola",564496,4992,113.080128205128
"266","Oskaloosa",1185453,11538,102.743369734789
"267","Ossian",34626,962,35.993762993763
"268","Otho",15996,493,32.446247464503
"269","Ottumwa",2366392,24709,95.7704480148934
"270","Pacific Junction",95733,407,235.216216216216
"271","Palo",54675,1036,52.7750965250965
"272","Panora",172305,1097,157.069279854148
"273","Parkersburg",108863,2019,53.9192669638435
"274","Paullina",83760,1034,81.0058027079304
"275","Pella",868679,10280,84.5018482490272
"276","Peosta",32478,1881,17.2663476874003
"277","Perry",528510,7876,67.1038598273235
"278","Pleasantville",62987,1762,35.7474460839955
"279","Pocahontas",176254,1789,98.520961430967
"280","Polk City",190399,4115,46.2695018226002
"281","Pomeroy",4718,729,6.4718792866941
"282","Postville",34262,2281,15.020604997808
"283","Prairie City",22182,1973,11.2427774961987
"284","Preston",10143,1037,9.78109932497589
"285","Primghar",91431,973,93.9681397738952
"286","Princeton",16312,1100,14.8290909090909
"287","Raymond",23165,829,27.9433051869723
"288","Red Oak",577897,5547,104.181900126194
"289","Reinbeck",34098,1765,19.3189801699717
"290","Remsen",120063,1824,65.8240131578947
"291","Riceville",27143,834,32.5455635491607
"292","Riverside",205329,1054,194.809297912713
"293","Robins",4371,3434,1.27285963890507
"294","Rock Rapids",316325,2569,123.131568703776
"295","Rock Valley",128708,3623,35.5252553132763
"296","Rockwell",91209,1100,82.9172727272727
"297","Rockwell City",78560,2212,35.5153707052441
"298","Rolfe",21697,572,37.9318181818182
"299","Runnells",4273,514,8.31322957198444
"300","Ruthven",33856,730,46.3780821917808
"301","Sac City",305805,2185,139.95652173913
"302","Sanborn",65609,1405,46.6967971530249
"303","Schaller",8658,795,10.8905660377358
"304","Schleswig",102784,806,127.523573200993
"305","Scranton",20794,565,36.8035398230088
"306","Sergeant Bluff",188072,4399,42.7533530347806
"307","Seymour",2764,656,4.21341463414634
"308","Sheffield",24107,1283,18.7895557287607
"309","Shelby",1350,654,2.06422018348624
"310","Sheldon",799090,5015,159.339980059821
"311","Shellsburg",82380,1097,75.0957155879672
"312","Shenandoah",743835,5030,147.87972166998
"313","Sibley",233323,2667,87.4851893513311
"314","Sigourney",116870,2105,55.520190023753
"315","Sioux Center",662400,7370,89.8778833107191
"316","Sioux City",8784571,82666,106.265828756684
"317","Sioux Rapids",84300,729,115.637860082305
"318","Slater",43410,1617,26.8460111317254
"319","Sloan",71071,1192,59.623322147651
"320","Solon",173260,2399,72.2217590662776
"321","Spencer",1448957,11172,129.695399212317
"322","Spirit Lake",2139653,4992,428.616386217949
"323","Springville",16463,1070,15.3859813084112
"324","Stanton",1160,685,1.69343065693431
"325","Stanwood",15257,562,27.1476868327402
"326","State Center",51555,1337,38.5602094240838
"327","Storm Lake",1595214,10768,148.143945022288
"328","Story City",157223,3423,45.9313467718376
"329","Stratford",42077,645,65.2356589147287
"330","Strawberry Point",62209,1357,45.8430361090641
"331","Stuart",171325,1528,112.123691099476
"332","Sully",14403,843,17.085409252669
"333","Sumner",90649,2205,41.1106575963719
"334","Sutherland",40862,595,68.6756302521008
"335","Swea City",47254,559,84.5330948121646
"336","Swisher",226650,846,267.90780141844
"337","Tabor",4588,1230,3.73008130081301
"338","Templeton",216,384,0.5625
"339","Tiffin",69264,2530,27.3770750988142
"340","Tipton",299399,3201,93.5329584504842
"341","Toledo",454974,2258,201.494242692648
"342","Traer",95442,1736,54.9781105990783
"343","Treynor",25501,957,26.6468129571578
"344","Tripoli",186465,1316,141.690729483283
"345","Urbana",34925,1444,24.1862880886427
"346","Urbandale",2952657,41578,71.0148876809851
"347","Van Horne",530,782,0.677749360613811
"348","Van Meter",18148,1256,14.4490445859873
"349","Victor",12112,1026,11.8050682261209
"350","Villisca",10869,1255,8.6605577689243
"351","Vinton",303752,5166,58.7982965543941
"352","Walford",10129,1428,7.09313725490196
"353","Walker",21135,841,25.1307966706302
"354","Wall Lake",10416,777,13.4054054054054
"355","Walnut",34582,706,48.9830028328612
"356","Wapello",95922,1922,49.9073881373569
"357","Washington",1137692,7368,154.409880564604
"358","Washta",375,197,1.90355329949239
"359","Waterloo",9631196,68357,140.895533741972
"360","Waukee",1203589,16955,70.9872603951637
"361","Waukon",642261,3786,169.641045958796
"362","Waverly",1378148,10049,137.142800278635
"363","Webster City",684628,7825,87.4923961661342
"364","Wellman",84974,1365,62.2520146520147
"365","Wellsburg",18058,929,19.4381054897739
"366","Wesley",226448,333,680.024024024024
"367","West Bend",124798,851,146.648648648649
"368","West Branch",69530,2581,26.9391708640062
"369","West Burlington",743008,2978,249.498992612492
"370","West Des Moines",9838929,61624,159.660667921589
"371","West Liberty",168690,3737,45.1404870216751
"372","West Point",214770,1020,210.558823529412
"373","West Union",267066,2592,103.034722222222
"374","Wheatland",10657,712,14.9676966292135
"375","Whittemore",13344,504,26.4761904761905
"376","Williamsburg",248882,3144,79.160941475827
"377","Wilton",77522,2808,27.6075498575499
"378","Windsor Heights",58978,4980,11.8429718875502
"379","Winterset",576401,5158,111.748933695231
"380","Winthrop",71166,915,77.7770491803279
"381","Woodbine",57198,1645,34.770820668693
"382","Woodward",28494,1621,17.5780382479951
"383","Zwingle",24733,104,237.817307692308
"384","Ackworth",NA,66,NA
"385","Agency",NA,619,NA
"386","Ainsworth",NA,451,NA
"387","Albion",NA,573,NA
"388","Alexander",NA,150,NA
"389","Alleman",NA,499,NA
"390","Allerton",NA,549,NA
"391","Amana",NA,367,NA
"392","Anderson",NA,0,NA
"393","Andover",NA,113,NA
"394","Andrew",NA,519,NA
"395","Aplington",NA,1005,NA
"396","Arcadia",NA,539,NA
"397","Archer",NA,177,NA
"398","Aredale",NA,58,NA
"399","Arion",NA,126,NA
"400","Arispe",NA,87,NA
"401","Arthur",NA,254,NA
"402","Asbury",NA,5201,NA
"403","Ashton",NA,427,NA
"404","Aspinwall",NA,18,NA
"405","Atalissa",NA,339,NA
"406","Athelstan",NA,11,NA
"407","Auburn",NA,302,NA
"408","Aurora",NA,234,NA
"409","Ayrshire",NA,136,NA
"410","Badger",NA,487,NA
"411","Bagley",NA,335,NA
"412","Balltown",NA,68,NA
"413","Bankston",NA,28,NA
"414","Barnes City",NA,265,NA
"415","Barnum",NA,284,NA
"416","Bartlett",NA,0,NA
"417","Bassett",NA,63,NA
"418","Batavia",NA,637,NA
"419","Battle Creek",NA,698,NA
"420","Bayard",NA,455,NA
"421","Beacon",NA,526,NA
"422","Beaconsfield",NA,38,NA
"423","Beaman",NA,238,NA
"424","Beaver",NA,127,NA
"425","Beaverdale",NA,1385,NA
"426","Bennett",NA,360,NA
"427","Bentley",NA,107,NA
"428","Benton",NA,43,NA
"429","Berkley",NA,21,NA
"430","Bernard",NA,127,NA
"431","Bertram",NA,341,NA
"432","Birmingham",NA,546,NA
"433","Blairsburg",NA,128,NA
"434","Blairstown",NA,744,NA
"435","Blakesburg",NA,302,NA
"436","Blanchard",NA,29,NA
"437","Blencoe",NA,253,NA
"438","Blockton",NA,153,NA
"439","Bode",NA,282,NA
"440","Bolan",NA,40,NA
"441","Bonaparte",NA,441,NA
"442","Bouton",NA,161,NA
"443","Boxholm",NA,221,NA
"444","Boyden",NA,794,NA
"445","Braddyville",NA,152,NA
"446","Bradford",NA,62,NA
"447","Bradgate",NA,57,NA
"448","Brandon",NA,330,NA
"449","Brayton",NA,145,NA
"450","Breda",NA,438,NA
"451","Bridgewater",NA,140,NA
"452","Brighton",NA,595,NA
"453","Bristow",NA,153,NA
"454","Bronson",NA,310,NA
"455","Brunsville",NA,105,NA
"456","Buck Grove",NA,19,NA
"457","Buckeye",NA,98,NA
"458","Burchinal",NA,53,NA
"459","Burr Oak",NA,242,NA
"460","Burt",NA,505,NA
"461","Calamus",NA,407,NA
"462","California Junction",NA,69,NA
"463","Callender",NA,422,NA
"464","Calmar",NA,1023,NA
"465","Calumet",NA,192,NA
"466","Cantril",NA,260,NA
"467","Carbon",NA,37,NA
"468","Carpenter",NA,102,NA
"469","Carson",NA,838,NA
"470","Castalia",NA,188,NA
"471","Castana",NA,94,NA
"472","Center Junction",NA,79,NA
"473","Centralia",NA,137,NA
"474","Chapin",NA,259,NA
"475","Charlotte",NA,404,NA
"476","Charter Oak",NA,596,NA
"477","Chatsworth",NA,82,NA
"478","Chelsea",NA,242,NA
"479","Chillicothe",NA,97,NA
"480","Churdan",NA,410,NA
"481","Cincinnati",NA,314,NA
"482","Clare",NA,221,NA
"483","Clarence",NA,976,NA
"484","Clayton",NA,39,NA
"485","Clearfield",NA,371,NA
"486","Cleghorn",NA,216,NA
"487","Clemons",NA,111,NA
"488","Clermont",NA,556,NA
"489","Climbing Hill",NA,168,NA
"490","Clio",NA,86,NA
"491","Clutier",NA,196,NA
"492","Coalville",NA,609,NA
"493","Coburg",NA,58,NA
"494","Coggon",NA,774,NA
"495","Coin",NA,220,NA
"496","College Springs",NA,197,NA
"497","Collins",NA,458,NA
"498","Columbus City",NA,447,NA
"499","Colwell",NA,67,NA
"500","Conesville",NA,617,NA
"501","Conroy",NA,375,NA
"502","Conway",NA,19,NA
"503","Coppock",NA,49,NA
"504","Corley",NA,29,NA
"505","Correctionville",NA,829,NA
"506","Cotter",NA,38,NA
"507","Coulter",NA,214,NA
"508","Craig",NA,92,NA
"509","Crawfordsville",NA,261,NA
"510","Cromwell",NA,102,NA
"511","Crystal Lake",NA,202,NA
"512","Cumberland",NA,250,NA
"513","Curlew",NA,73,NA
"514","Cushing",NA,218,NA
"515","Cylinder",NA,76,NA
"516","Dallas Center",NA,1851,NA
"517","Dana",NA,78,NA
"518","Danbury",NA,407,NA
"519","Davis City",NA,208,NA
"520","Dawson",NA,158,NA
"521","Decatur City",NA,205,NA
"522","Dedham",NA,256,NA
"523","Deep River",NA,252,NA
"524","Defiance",NA,240,NA
"525","Deloit",NA,372,NA
"526","Delphos",NA,15,NA
"527","Delta",NA,246,NA
"528","Denmark",NA,299,NA
"529","Derby",NA,133,NA
"530","Dexter",NA,824,NA
"531","Diagonal",NA,319,NA
"532","Diamondhead Lake",NA,318,NA
"533","Dickens",NA,204,NA
"534","Dike",NA,1309,NA
"535","Dixon",NA,216,NA
"536","Dolliver",NA,81,NA
"537","Donahue",NA,385,NA
"538","Doon",NA,632,NA
"539","Douds",NA,86,NA
"540","Dougherty",NA,64,NA
"541","Dow City",NA,463,NA
"542","Drakesville",NA,172,NA
"543","Dumont",NA,708,NA
"544","Duncan",NA,96,NA
"545","Duncombe",NA,313,NA
"546","Dundee",NA,204,NA
"547","Dunkerton",NA,895,NA
"548","Durango",NA,17,NA
"549","Earling",NA,443,NA
"550","Earlville",NA,835,NA
"551","East Amana",NA,40,NA
"552","East Peru",NA,98,NA
"553","Elberon",NA,193,NA
"554","Elgin",NA,737,NA
"555","Elk Horn",NA,532,NA
"556","Elk Run Heights",NA,1006,NA
"557","Elkhart",NA,815,NA
"558","Elkport",NA,25,NA
"559","Elliott",NA,472,NA
"560","Ellston",NA,36,NA
"561","Emerson",NA,525,NA
"562","Epworth",NA,2068,NA
"563","Essex",NA,859,NA
"564","Exline",NA,154,NA
"565","Farmersburg",NA,278,NA
"566","Farnhamville",NA,369,NA
"567","Farragut",NA,431,NA
"568","Fenton",NA,312,NA
"569","Ferguson",NA,137,NA
"570","Fertile",NA,346,NA
"571","Floris",NA,246,NA
"572","Fostoria",NA,194,NA
"573","Franklin",NA,110,NA
"574","Fraser",NA,165,NA
"575","Frederika",NA,301,NA
"576","Fredonia",NA,313,NA
"577","Fremont",NA,745,NA
"578","Fruitland",NA,1196,NA
"579","Frytown",NA,84,NA
"580","Galt",NA,63,NA
"581","Galva",NA,466,NA
"582","Garber",NA,129,NA
"583","Garden City",NA,99,NA
"584","Garden Grove",NA,183,NA
"585","Garrison",NA,352,NA
"586","Garwin",NA,503,NA
"587","Geneva",NA,143,NA
"588","Gibson",NA,48,NA
"589","Gilbert",NA,1183,NA
"590","Gillett Grove",NA,35,NA
"591","Gilman",NA,598,NA
"592","Goodell",NA,128,NA
"593","Goose Lake",NA,275,NA
"594","Graf",NA,83,NA
"595","Grafton",NA,355,NA
"596","Grand River",NA,227,NA
"597","Grandview",NA,449,NA
"598","Grant",NA,108,NA
"599","Granville",NA,362,NA
"600","Gravity",NA,157,NA
"601","Gray",NA,160,NA
"602","Greeley",NA,279,NA
"603","Green Mountain",NA,120,NA
"604","Greenville",NA,93,NA
"605","Gruver",NA,105,NA
"606","Guernsey",NA,72,NA
"607","Halbur",NA,243,NA
"608","Hamilton",NA,112,NA
"609","Hancock",NA,193,NA
"610","Hanlontown",NA,211,NA
"611","Hansell",NA,93,NA
"612","Harcourt",NA,291,NA
"613","Hardy",NA,90,NA
"614","Harper",NA,96,NA
"615","Harris",NA,147,NA
"616","Hartford",NA,824,NA
"617","Hartwick",NA,98,NA
"618","Harvey",NA,290,NA
"619","Hastings",NA,150,NA
"620","Havelock",NA,137,NA
"621","Haverhill",NA,169,NA
"622","Hawkeye",NA,496,NA
"623","Hayesville",NA,42,NA
"624","Hayfield",NA,8,NA
"625","Hedrick",NA,711,NA
"626","Henderson",NA,147,NA
"627","Hepburn",NA,30,NA
"628","High Amana",NA,104,NA
"629","Hills",NA,730,NA
"630","Hillsboro",NA,228,NA
"631","Hinton",NA,809,NA
"632","Holiday Lake",NA,323,NA
"633","Holland",NA,284,NA
"634","Homestead",NA,178,NA
"635","Hopkinton",NA,561,NA
"636","Hornick",NA,298,NA
"637","Houghton",NA,152,NA
"638","Hull",NA,2146,NA
"639","Hutchins",NA,13,NA
"640","Imogene",NA,35,NA
"641","Ionia",NA,332,NA
"642","Irvington",NA,0,NA
"643","Irwin",NA,328,NA
"644","Jackson Junction",NA,47,NA
"645","Jacksonville",NA,32,NA
"646","Jamaica",NA,242,NA
"647","Janesville",NA,795,NA
"648","Jewell Junction",NA,1230,NA
"649","Joice",NA,195,NA
"650","Jolley",NA,41,NA
"651","Kalona",NA,2479,NA
"652","Kamrar",NA,149,NA
"653","Kanawha",NA,722,NA
"654","Kellerton",NA,295,NA
"655","Kelley",NA,306,NA
"656","Kensett",NA,345,NA
"657","Kent",NA,53,NA
"658","Keomah Village",NA,69,NA
"659","Keswick",NA,241,NA
"660","Keystone",NA,631,NA
"661","Kimballton",NA,339,NA
"662","Kinross",NA,53,NA
"663","Kirkman",NA,65,NA
"664","Kirkville",NA,179,NA
"665","Kiron",NA,262,NA
"666","Klemme",NA,572,NA
"667","Knierim",NA,72,NA
"668","La Motte",NA,238,NA
"669","Lacona",NA,472,NA
"670","Ladora",NA,308,NA
"671","Lake Panorama",NA,1097,NA
"672","Lakeside",NA,674,NA
"673","Lakota",NA,211,NA
"674","Lambs Grove",NA,200,NA
"675","Lamont",NA,430,NA
"676","Lanesboro",NA,139,NA
"677","Larrabee",NA,202,NA
"678","Laurel",NA,358,NA
"679","Lawton",NA,900,NA
"680","Le Roy",NA,6,NA
"681","Leando",NA,40,NA
"682","Ledyard",NA,100,NA
"683","Lehigh",NA,406,NA
"684","Leighton",NA,193,NA
"685","Leland",NA,247,NA
"686","Lester",NA,269,NA
"687","Letts",NA,410,NA
"688","Lewis",NA,553,NA
"689","Libertyville",NA,371,NA
"690","Lidderdale",NA,120,NA
"691","Lime Springs",NA,486,NA
"692","Lincoln",NA,121,NA
"693","Linden",NA,186,NA
"694","Lineville",NA,209,NA
"695","Linn Grove",NA,140,NA
"696","Liscomb",NA,291,NA
"697","Little Cedar",NA,20,NA
"698","Little Rock",NA,477,NA
"699","Little Sioux",NA,133,NA
"700","Livermore",NA,508,NA
"701","Lockridge",NA,265,NA
"702","Lone Rock",NA,199,NA
"703","Lone Tree",NA,1482,NA
"704","Long Grove",NA,952,NA
"705","Lorimor",NA,364,NA
"706","Loveland",NA,40,NA
"707","Low Moor",NA,249,NA
"708","Lowden",NA,853,NA
"709","Lu Verne",NA,317,NA
"710","Luana",NA,338,NA
"711","Lucas",NA,185,NA
"712","Luther",NA,147,NA
"713","Luxemburg",NA,203,NA
"714","Luzerne",NA,138,NA
"715","Lynnville",NA,456,NA
"716","Lytton",NA,290,NA
"717","Macedonia",NA,223,NA
"718","Macksburg",NA,121,NA
"719","Magnolia",NA,151,NA
"720","Maharishi Vedic City",NA,583,NA
"721","Malcom",NA,297,NA
"722","Mallard",NA,280,NA
"723","Maloy",NA,19,NA
"724","Manilla",NA,975,NA
"725","Marathon",NA,270,NA
"726","Marble Rock",NA,316,NA
"727","Marne",NA,120,NA
"728","Marquette",NA,423,NA
"729","Martelle",NA,266,NA
"730","Martinsburg",NA,125,NA
"731","Marysville",NA,103,NA
"732","Masonville",NA,120,NA
"733","Massena",NA,311,NA
"734","Matlock",NA,71,NA
"735","Maurice",NA,323,NA
"736","Maynard",NA,513,NA
"737","Maysville",NA,159,NA
"738","McCallsburg",NA,325,NA
"739","McCausland",NA,326,NA
"740","McClelland",NA,176,NA
"741","McGregor",NA,804,NA
"742","McIntire",NA,120,NA
"743","Melcher-Dallas",NA,1162,NA
"744","Melrose",NA,153,NA
"745","Melvin",NA,235,NA
"746","Menlo",NA,410,NA
"747","Meriden",NA,209,NA
"748","Meservey",NA,177,NA
"749","Meyer",NA,0,NA
"750","Middle Amana",NA,423,NA
"751","Middletown",NA,361,NA
"752","Miles",NA,410,NA
"753","Miller",NA,0,NA
"754","Millersburg",NA,154,NA
"755","Millerton",NA,96,NA
"756","Milo",NA,928,NA
"757","Milton",NA,604,NA
"758","Minburn",NA,366,NA
"759","Mineola",NA,111,NA
"760","Mingo",NA,255,NA
"761","Mitchell",NA,171,NA
"762","Modale",NA,275,NA
"763","Mona",NA,96,NA
"764","Mondamin",NA,322,NA
"765","Monmouth",NA,169,NA
"766","Montour",NA,259,NA
"767","Moorhead",NA,221,NA
"768","Moorland",NA,212,NA
"769","Morley",NA,128,NA
"770","Morning Sun",NA,906,NA
"771","Morrison",NA,122,NA
"772","Moulton",NA,653,NA
"773","Mount Auburn",NA,120,NA
"774","Mount Sterling",NA,36,NA
"775","Mount Union",NA,93,NA
"776","Moville",NA,1587,NA
"777","Mystic",NA,363,NA
"778","Nemaha",NA,100,NA
"779","New Albin",NA,623,NA
"780","New Hartford",NA,621,NA
"781","New Haven",NA,84,NA
"782","New Liberty",NA,166,NA
"783","New London",NA,1945,NA
"784","New Market",NA,393,NA
"785","New Providence",NA,273,NA
"786","New Vienna",NA,381,NA
"787","Newell",NA,1070,NA
"788","Newhall",NA,985,NA
"789","Nichols",NA,360,NA
"790","Nodaway",NA,91,NA
"791","North Buena Vista",NA,93,NA
"792","North Washington",NA,161,NA
"793","Northboro",NA,50,NA
"794","Norway",NA,525,NA
"795","Numa",NA,69,NA
"796","Oakland Acres",NA,116,NA
"797","Oakville",NA,157,NA
"798","Ocheyedan",NA,508,NA
"799","Odebolt",NA,1016,NA
"800","Olds",NA,197,NA
"801","Olin",NA,721,NA
"802","Ollie",NA,189,NA
"803","Onslow",NA,219,NA
"804","Orchard",NA,50,NA
"805","Orient",NA,426,NA
"806","Orleans",NA,459,NA
"807","Osterdock",NA,54,NA
"808","Oto",NA,111,NA
"809","Otranto",NA,8,NA
"810","Ottosen",NA,63,NA
"811","Owasa",NA,54,NA
"812","Oxford",NA,874,NA
"813","Oxford Junction",NA,411,NA
"814","Oyens",NA,88,NA
"815","Packwood",NA,316,NA
"816","Palmer",NA,156,NA
"817","Panama",NA,201,NA
"818","Panorama Park",NA,85,NA
"819","Park View",NA,2718,NA
"820","Parnell",NA,206,NA
"821","Paton",NA,245,NA
"822","Patterson",NA,175,NA
"823","Percival",NA,102,NA
"824","Persia",NA,257,NA
"825","Peterson",NA,300,NA
"826","Pierson",NA,449,NA
"827","Pilot Mound",NA,161,NA
"828","Pioneer",NA,8,NA
"829","Pisgah",NA,248,NA
"830","Plainfield",NA,505,NA
"831","Plano",NA,59,NA
"832","Pleasant Hill",NA,9406,NA
"833","Pleasant Plain",NA,56,NA
"834","Pleasanton",NA,20,NA
"835","Plover",NA,55,NA
"836","Plymouth",NA,344,NA
"837","Popejoy",NA,48,NA
"838","Portland",NA,27,NA
"839","Portsmouth",NA,162,NA
"840","Prairieburg",NA,184,NA
"841","Prescott",NA,250,NA
"842","Promise City",NA,98,NA
"843","Protivin",NA,256,NA
"844","Pulaski",NA,289,NA
"845","Quasqueton",NA,483,NA
"846","Quimby",NA,392,NA
"847","Radcliffe",NA,604,NA
"848","Rake",NA,184,NA
"849","Ralston",NA,78,NA
"850","Randalia",NA,60,NA
"851","Randall",NA,188,NA
"852","Randolph",NA,190,NA
"853","Rathbun",NA,81,NA
"854","Readlyn",NA,843,NA
"855","Reasnor",NA,175,NA
"856","Redding",NA,59,NA
"857","Redfield",NA,680,NA
"858","Rembrandt",NA,161,NA
"859","Renwick",NA,267,NA
"860","Rhodes",NA,257,NA
"861","Richland",NA,651,NA
"862","Rickardsville",NA,163,NA
"863","Ricketts",NA,124,NA
"864","Ridgeway",NA,285,NA
"865","Rinard",NA,54,NA
"866","Ringsted",NA,479,NA
"867","Rippey",NA,207,NA
"868","River Sioux",NA,82,NA
"869","Riverdale",NA,481,NA
"870","Riverton",NA,260,NA
"871","Rochester",NA,36,NA
"872","Rock Falls",NA,150,NA
"873","Rockford",NA,760,NA
"874","Rodman",NA,39,NA
"875","Rodney",NA,58,NA
"876","Roland",NA,1312,NA
"877","Rome",NA,164,NA
"878","Rose Hill",NA,160,NA
"879","Roseville",NA,0,NA
"880","Rossie",NA,50,NA
"881","Rowan",NA,143,NA
"882","Rowley",NA,285,NA
"883","Royal",NA,415,NA
"884","Rudd",NA,366,NA
"885","Russell",NA,516,NA
"886","Rutland",NA,111,NA
"887","Ryan",NA,364,NA
"888","Sabula",NA,448,NA
"889","Sageville",NA,71,NA
"890","Salem",NA,551,NA
"891","Salix",NA,402,NA
"892","Sandyville",NA,74,NA
"893","Saylorville",NA,3445,NA
"894","Scarville",NA,66,NA
"895","Searsboro",NA,184,NA
"896","Sexton",NA,38,NA
"897","Shambaugh",NA,196,NA
"898","Shannon City",NA,54,NA
"899","Sharpsburg",NA,113,NA
"900","Sheldahl",NA,249,NA
"901","Shell Rock",NA,1254,NA
"902","Sherrill",NA,219,NA
"903","Shueyville",NA,570,NA
"904","Sidney",NA,995,NA
"905","Silver City",NA,224,NA
"906","Smithland",NA,185,NA
"907","Soldier",NA,187,NA
"908","Somers",NA,139,NA
"909","South Amana",NA,105,NA
"910","South English",NA,299,NA
"911","Spillville",NA,433,NA
"912","Spragueville",NA,107,NA
"913","Spring Hill",NA,60,NA
"914","Springbrook",NA,137,NA
"915","St. Ansgar",NA,1087,NA
"916","St. Anthony",NA,115,NA
"917","St. Benedict",NA,14,NA
"918","St. Charles",NA,765,NA
"919","St. Donatus",NA,139,NA
"920","St. Joseph",NA,121,NA
"921","St. Lucas",NA,163,NA
"922","St. Marys",NA,210,NA
"923","St. Olaf",NA,138,NA
"924","St. Paul",NA,100,NA
"925","Stacyville",NA,503,NA
"926","Stanhope",NA,406,NA
"927","Stanley",NA,114,NA
"928","Steamboat Rock",NA,312,NA
"929","Stockport",NA,250,NA
"930","Stockton",NA,235,NA
"931","Stone City",NA,288,NA
"932","Stout",NA,162,NA
"933","Struble",NA,111,NA
"934","Sun Valley Lake",NA,224,NA
"935","Superior",NA,168,NA
"936","Swaledale",NA,181,NA
"937","Swan",NA,69,NA
"938","Tama",NA,2832,NA
"939","Tennant",NA,73,NA
"940","Terril",NA,379,NA
"941","Thayer",NA,60,NA
"942","Thompson",NA,466,NA
"943","Thor",NA,183,NA
"944","Thornburg",NA,75,NA
"945","Thornton",NA,482,NA
"946","Thurman",NA,191,NA
"947","Tingley",NA,177,NA
"948","Titonka",NA,500,NA
"949","Toeterville",NA,36,NA
"950","Toronto",NA,120,NA
"951","Truesdale",NA,125,NA
"952","Truro",NA,456,NA
"953","Turin",NA,80,NA
"954","Twin Lakes",NA,186,NA
"955","Udell",NA,37,NA
"956","Underwood",NA,808,NA
"957","Union",NA,487,NA
"958","Unionville",NA,78,NA
"959","University Heights",NA,1255,NA
"960","University Park",NA,558,NA
"961","Ute",NA,382,NA
"962","Vail",NA,478,NA
"963","Valeria",NA,46,NA
"964","Van Wert",NA,190,NA
"965","Varina",NA,96,NA
"966","Ventura",NA,737,NA
"967","Vincent",NA,130,NA
"968","Vining",NA,73,NA
"969","Volga",NA,194,NA
"970","Wadena",NA,279,NA
"971","Wahpeton",NA,394,NA
"972","Walcott",NA,1450,NA
"973","Wallingford",NA,180,NA
"974","Washburn",NA,888,NA
"975","Waterville",NA,117,NA
"976","Watkins",NA,115,NA
"977","Waucoma",NA,233,NA
"978","Wayland",NA,1027,NA
"979","Webb",NA,186,NA
"980","Webster",NA,128,NA
"981","Weldon",NA,181,NA
"982","Welton",NA,151,NA
"983","West Amana",NA,212,NA
"984","West Chester",NA,91,NA
"985","West Okoboji",NA,314,NA
"986","Westfield",NA,159,NA
"987","Westgate",NA,187,NA
"988","Weston",NA,139,NA
"989","Westphalia",NA,130,NA
"990","Westside",NA,329,NA
"991","Westwood",NA,96,NA
"992","What Cheer",NA,729,NA
"993","Whiting",NA,943,NA
"994","Whitten",NA,173,NA
"995","Willey",NA,130,NA
"996","Williams",NA,468,NA
"997","Williamson",NA,113,NA
"998","Winfield",NA,1068,NA
"999","Wiota",NA,86,NA
"1000","Woden",NA,281,NA
"1001","Woodburn",NA,230,NA
"1002","Woolstock",NA,163,NA
"1003","Worthington",NA,420,NA
"1004","Wyoming",NA,403,NA
"1005","Yale",NA,287,NA
"1006","Yetter",NA,22,NA
"1007","Yorktown",NA,59,NA
"1008","Zearing",NA,563,NA
